{
    "$schema": "https://schema.management.azure.com/schemas/2015-01-01/deploymentParameters.json#",
    "contentVersion": "1.0.0.0",
    "parameters": {
        "collation": {
            "value": "SQL_Latin1_General_CP1_CI_AS"
        },
        "databaseName": {
            "value": "FormulariosSeguridadDB"
        },
        "tier": {
            "value": "GeneralPurpose"
        },
        "skuName": {
            "value": "GP_S_Gen5_2"
        },
        "location": {
            "value": "northeurope"
        },
        "maxSizeBytes": {
            "value": 34359738368
        },
        "sampleName": {
            "value": ""
        },
        "serverName": {
            "value": "mi-sqlserver-azure"
        },
        "licenseType": {
            "value": ""
        },
        "readScaleOut": {
            "value": ""
        },
        "zoneRedundant": {
            "value": false
        },
        "minCapacity": {
            "value": "0.5"
        },
        "autoPauseDelay": {
            "value": 60
        },
        "numberOfReplicas": {
            "value": 0
        },
        "enableADS": {
            "value": false
        },
        "allowAzureIps": {
            "value": true
        },
        "allowClientIp": {
            "value": true
        },
        "clientIpValue": {
            "value": "84.78.248.160"
        },
        "databaseTags": {
            "value": {
                "Cliente": "AENA",
                "Ambiente": "Pruebas",
                "Proyecto": "FormularioWeb",
                "Responsable": "División servicio de seguridad",
                "Fecha de creación": "2025-02-17"
            }
        },
        "serverTags": {
            "value": {
                "Cliente": "AENA",
                "Ambiente": "Pruebas",
                "Proyecto": "FormularioWeb",
                "Responsable": "División servicio de seguridad",
                "Fecha de creación": "2025-02-17"
            }
        },
        "enableVA": {
            "value": false
        },
        "vaStoragelessEnabled": {
            "value": false
        },
        "enableSqlLedger": {
            "value": false
        },
        "enableDigestStorage": {
            "value": "Disabled"
        },
        "digestStorageOption": {
            "value": ""
        },
        "digestStorageName": {
            "value": ""
        },
        "blobStorageContainerName": {
            "value": ""
        },
        "retentionDays": {
            "value": ""
        },
        "retentionPolicy": {
            "value": false
        },
        "digestAccountResourceGroup": {
            "value": ""
        },
        "isNewDigestLocation": {
            "value": false
        },
        "digestRegion": {
            "value": ""
        },
        "storageAccountdigestRegion": {
            "value": ""
        },
        "isPermissionAssigned": {
            "value": false
        },
        "sqlLedgerTemplateLink": {
            "value": "https://sqlazureextension.hosting.portal.azure.net/sqlazureextension/Content/2.1.02965.245--54931/DeploymentTemplates/SqlLedger.json"
        },
        "useVAManagedIdentity": {
            "value": false
        },
        "enablePrivateEndpoint": {
            "value": false
        },
        "privateEndpointNestedTemplateId": {
            "value": "pe-43311741-caac-43d8-a8d4-0b5465307017"
        },
        "privateEndpointSubscriptionId": {
            "value": ""
        },
        "privateEndpointResourceGroup": {
            "value": ""
        },
        "privateEndpointName": {
            "value": ""
        },
        "privateEndpointLocation": {
            "value": ""
        },
        "privateEndpointSubnetId": {
            "value": ""
        },
        "privateLinkServiceName": {
            "value": ""
        },
        "privateLinkServiceServiceId": {
            "value": ""
        },
        "privateEndpointVnetSubscriptionId": {
            "value": ""
        },
        "privateEndpointVnetResourceGroup": {
            "value": ""
        },
        "privateEndpointVnetName": {
            "value": ""
        },
        "privateEndpointSubnetName": {
            "value": ""
        },
        "enablePrivateDnsZone": {
            "value": true
        },
        "privateLinkPrivateDnsZoneFQDN": {
            "value": "privatelink.database.windows.net"
        },
        "privateLinkPrivateDnsZoneRG": {
            "value": ""
        },
        "privateEndpointDnsRecordUniqueId": {
            "value": "43311741-caac-43d8-a8d4-0b546530701a"
        },
        "privateEndpointTemplateLink": {
            "value": "https://sqlazureextension.hosting.portal.azure.net/sqlazureextension/Content/2.1.02965.245--54931/DeploymentTemplates/PrivateEndpoint.json"
        },
        "privateDnsForPrivateEndpointTemplateLink": {
            "value": "https://sqlazureextension.hosting.portal.azure.net/sqlazureextension/Content/2.1.02965.245--54931/DeploymentTemplates/PrivateDnsForPrivateEndpoint.json"
        },
        "privateDnsForPrivateEndpointNicTemplateLink": {
            "value": "https://sqlazureextension.hosting.portal.azure.net/sqlazureextension/Content/2.1.02965.245--54931/DeploymentTemplates/PrivateDnsForPrivateEndpointNic.json"
        },
        "privateDnsForPrivateEndpointIpConfigTemplateLink": {
            "value": "https://sqlazureextension.hosting.portal.azure.net/sqlazureextension/Content/2.1.02965.245--54931/DeploymentTemplates/PrivateDnsForPrivateEndpointIpConfig.json"
        },
        "clientIpRuleName": {
            "value": "ClientIp-2025-2-17_14-51-37"
        },
        "minimalTlsVersion": {
            "value": "1.2"
        },
        "publicNetworkAccess": {
            "value": "Enabled"
        },
        "connectionType": {
            "value": "Default"
        },
        "requestedBackupStorageRedundancy": {
            "value": "Local"
        },
        "availabilityZone": {
            "value": ""
        },
        "useFreeLimit": {
            "value": true
        },
        "freeLimitExhaustionBehavior": {
            "value": "AutoPause"
        },
        "maintenanceConfigurationId": {
            "value": "/subscriptions/bb79b2dd-2fcf-41d6-a669-c8058454a25a/providers/Microsoft.Maintenance/publicMaintenanceConfigurations/SQL_Default"
        },
        "administratorLogin": {
            "value": "adminsql"
        },
        "administratorLoginPassword": {
            "value": null
        },
        "administrators": {
            "value": {
                "administratorType": "activeDirectory",
                "login": "efrain.villanueva@viarium.es",
                "sid": "4e360484-1f92-4f13-b3b4-b7916ae146b2",
                "tenantId": "8086b8f5-880c-4729-838d-33eb62ec58cb",
                "azureADOnlyAuthentication": false,
                "principalType": "User"
            }
        },
        "identity": {
            "value": {
                "type": "None"
            }
        },
        "primaryUserAssignedIdentityId": {
            "value": ""
        },
        "federatedClientId": {
            "value": ""
        },
        "servicePrincipal": {
            "value": {
                "type": "None"
            }
        }
    }
}